X,Y
6,2.8
3.3,16.2
8.5,106.3
8.8,240.7
4,273.9
5.2,453.8
2.4,506.4
5.5,557.6
4,578.7
5.3,615.3
4.2,791.9
5,807.5
6.3,882.6
7.5,924.3
7.2,1053.8
3.7,1176.8
5,1267.4
2.2,1293.1
7.2,1362.9
4,1505.5
6.4,1550.4
6.2,1620.9
12.6,760.5
7.6,1668.2
12.5,296.2
14.8,146
11.5,404.4
13.6,1421.8
12.3,874.1
16,390.8
22.3,474.8
17.3,634.2
18.9,491.7
18,940.9
14,1522.2
17,596.7
17.3,578.5
22.7,1135.4
20.1,1318
18.3,182.6
22.7,1735.5
24.9,126.8
21.7,270.6
27.2,416.1
26.8,1592.1
25.4,1661.9
25.2,717.6
21.8,788.3
28.9,975.5
21.4,1288.9
27,1449.1
26.9,862.9
22.7,1708
28.7,78.8
31.6,517.3
33.3,894.6
25.2,1263.9
27.9,1383.9
31.6,1404
31.5,1468.9
33,596.5
31.5,794.2
35.6,554.1
35.5,817.4
37.2,938.9
35.4,347.2
35.4,1527.2
32.1,1545.5
42.5,228.3
35.7,754.9
36.3,1644.1
35.5,1782.1
41.2,392.4
37.7,871.1
37.5,1309.5
41,1615.1
38.7,1054
42.3,1257.9
42.6,580.1
44,923.8
49.8,673.2
44.6,694.7
42.4,1840.5
41.7,857.3
44.5,162.9
45.6,311.5
45.6,333.8
52.2,34.6
45.7,436.9
48.5,456.1
46.4,720.1
44.3,1418.1
50.3,142.7
53.2,1335.5
51.9,1515.8
47.7,367
49.8,1312.3
56.8,646.4
50,1101.8
54,1426.9
51.8,401.6
51.5,710.2
56.9,1161.4
56.5,276
58.3,896.3
56.3,1233.3
53.9,1767.5
55.6,529
57.3,788.3
57.9,841.1
54.6,1816.8
55.3,577.9
56.1,1543.2
60.4,352.6
60.1,817.2
58.7,1261.1
56.8,1471.7
57.3,1575
66.3,627.5
63.4,97.3
57.5,934.6
59.5,1354.8
60.6,1403.2
59.4,1438.6
58.2,1739.6
67.7,1183.4
66.8,156.3
61.5,882.3
62.2,1638.1
66.4,1029.9
68.4,292.4
65.6,184.5
69.2,313.9
71.3,454.9
70.7,202.2
73.7,489.7
67.1,502.2
71.9,1114.9
68.5,1657.3
68.9,1706.1
70.3,410.1
70.7,641.2
71.1,1689.8
71.3,907.2
72.7,1239.6
71,1488.4
73.1,1749.6
77.1,517.9
77.1,1095.2
72.3,1222.9
75.6,874.4
77.8,1348.5
79.8,925.3
76,1399.8
81.2,806.4
77.8,1615.2
80.7,211.7
76.2,343.5
80.7,828.9
85.4,1322.6
81.1,899.4
79.3,1382.2
92,296.5
89,687.1
83.3,399
84.8,411.7
83.4,548.6
86.1,648.5
81.4,782.2
82.6,29
83.3,1288.9
83.8,593.4
89.5,769.6
87.9,854.8
88.3,1153
88.8,1691
89,71.7
89.8,970.2
87.8,149.3
88.5,1551.6
92,502.4
93,1432.6
89.8,1468
95.2,83.4
90.1,157.4
88.9,1512
93.9,340.6
98.2,1043.2
98.4,1405.3
94.7,1610.8
94.7,1851.3
92,1016.9
91.9,1124.4
96.9,609
94.3,625
92.8,1628.4
95.9,183.3
97.4,463.9
102.3,1301.2
98.3,1534.5
97.1,1758.8
97.8,358.3
99.1,699.7
100.4,895.5
98.5,223.1
100.9,1168.3
100.1,1198.5
96.4,1746.3
105.3,966.9
101.7,539.7
105,996.1
113.7,733.9
105.2,1502.1
107.1,637.3
101.7,671.8
102,1118.8
109.7,1564.2
107.8,434.8
107.3,574.3
107.7,856.4
112.2,1237.6
109.3,1485.6
111.2,927.3
111.3,1083.6
113.6,488.3
108.4,674.9
113.1,811.4
108.7,869
111.9,1604
111.2,349
110.3,746.4
112.6,1103.6
117.2,277.4
114.1,1406.3
115.4,522.3
117.3,559.3
115.7,1628.7
118.3,414.4
117.9,477
121.8,1194.2
117.9,1284.2
118.4,1690.8
117.5,292.5
122.9,985.8
121.9,1487.3
129.2,69.2
124.3,108.8
126.1,168.9
122.7,683.5
134.7,1570.1
124.6,1611.9
131.7,631.4
124.4,184.7
125.7,667.4
124.7,861.4
127.6,933
124.8,1065.3
126.6,1313.4
123.7,401.7
128.4,838.9
131.8,1113.8
126,1537.2
127,1705.6
125.9,537.2
127.1,1518.5
128.7,466.7
135.5,957
132.3,596.5
131.5,1294.5
133.4,996.9
134.7,790.7
135,1082.7
136,1348.5
137.6,1623.3
136.8,449.2
136,774.1
138.9,1268
142.7,84.3
139.9,855.7
134.6,1511
138.4,277
143.6,1383.9
137.8,237.3
145.5,1529.2
142.7,894.7
141.7,356.1
145.4,732.2
140.5,746
144.2,907.7
145.9,215
143.7,1752.5
144.3,510.6
146.8,1189.7
147.5,1280
150.1,1484.6
152.1,406.2
151,684.9
150.3,815
149.3,878
152,1420.6
156.1,591.5
151.2,1032.6
149.6,1241.3
150.8,1838
152.5,981.9
156.9,1327.8
150.6,1354.6
153.1,354
156.3,862.5
155.5,968.3
152.3,1758.4
158,1090.6
156.1,1508.2
156.6,1271.3
166,163.1
159.8,1077
159.9,1110
157.3,1497.3
163.1,1548
165,931
159.4,1389
157.9,261.6
160.7,20.8
161.1,1642.1
169.1,1524.6
166.6,1189.6
164.8,1848.2
166.4,231.6
169.2,769.6
170.5,356.7
167.5,491.6
167.2,962.8
169.1,1295
167.9,1597.3
172.4,533.6
167.8,1437
170.2,817.4
170.4,57.7
173.9,176
175.1,749.5
174.1,1022.9
175.1,1132
171.1,1739.9
172.6,599.3
170.8,1652.6
174.2,438
171.9,866.6
178.5,1036.7
177.7,689.2
177.6,714.7
176.3,43.8
176.5,385.6
186.8,1082.4
178,1792.3
181.7,244.3
180.4,1113.7
176.4,1242
178.1,1424.4
183,1321.9
179.3,305
176.3,1256.8
178.9,1401.5
181.1,420.7
179.4,1488.5
184.8,499.4
193.3,1002
189.7,837.6
189,778.3
187.9,1387.8
188.3,1729.8
184.7,1223.2
189.4,580.4
186.1,1514.4
190,1797.6
190.3,659
186,1201.1
192,273.2
191.5,1665.6
191.1,328.6
197.1,623
193.7,1346.7
196.6,1833
194,26.5
194.9,173.2
195.9,1482.3
195.5,680.1
205.3,864.8
196.2,1239.9
203.6,1306.3
196.1,961.8
204.9,209.9
200.4,954.2
201.6,643.9
201.3,1532.8
206.3,1051.5
204,1261.2
202,1377.7
205.2,774.9
215.1,1019.5
219.4,1167.4
209,1777.5
206.3,460.7
207,1757.4
208.9,1578.3
213.6,585.5
211.9,1360.7
211,1690.5
215.6,112.9
214,353.8
213.6,799.1
219,1495.2
215.5,1534.1
216.9,244.4
223.7,315
218.8,878.8
220,391.5
220.3,804.7
224.8,1278.5
222,277.3
221.9,710.9
221.3,598.9
224.6,956.9
222.4,1685.1
222,776.1
229.8,984.9
228.3,1295.1
224.6,88.8
233.5,1065.8
224,1465
227.5,1199.1
229.7,1620.2
224.6,1816.9
228.4,446.3
227.5,1556.6
229.9,473.1
229.7,1418.4
228.2,1346.1
231.4,225.1
232.2,800.6
233.8,1130.3
244.7,259.4
238.3,1432.9
233.3,1454.5
228.7,1774.9
232.5,338.6
234.3,375
235.7,1321.5
235.2,1086.4
239,482.2
233.8,490
237.6,1514.4
242,1793.6
240.7,1736.8
241.4,533.5
239.7,778.5
236.1,962.8
242.6,118.8
240.6,506.1
241.6,1242.4
239.5,1344.2
241.3,1638.1
242.4,455.7
242.4,873.9
244.7,1105.9
242.8,90.2
243.3,1826
249.7,1489.5
247.6,374.3
243.9,583.4
246.7,839.6
249.1,44.1
251.3,1146.8
252.7,1181.8
249.3,1696.1
250.1,384.7
254.7,985
254.2,1381.7
256.8,1771.8
254,288.7
251.6,1576.2
257.2,309.1
252.3,350
257,892.3
257.7,1090.9
254.5,451.9
253.5,1402.1
253.4,1819.4
255,114.7
259,1310.6
264.3,1470.2
258.5,1499.9
259.7,1636.9
258.6,24.4
259.2,588.1
257.4,713.7
276.9,155.6
265.2,204.7
261.9,414.6
262.3,358.8
263.7,472.9
262.9,1067.3
264.2,1661.9
262.6,1726.7
265.4,1367.2
268.3,1240.9
266.9,999.9
267.5,1319.4
271.3,30.6
271.2,413.6
265.4,1081.3
265.7,1192.3
272.1,1684
269,275.6
271.4,1175.5
268.5,1437
267.3,251.7
271.3,1591.8
270.9,954.8
270.5,1210.4
274.7,1277
273.9,1736.8
274.9,1415
270.1,1552.8
275.3,936.7
274.7,856.9
277.4,1497.9
272.7,820.3
276.1,641.3
279.1,990.3
278.6,1529.9
278.6,1562.3
276.8,1795.1
279.2,1643.5
278.3,667.5
280.8,842.5
280.4,122.2
280.4,577.6
282.1,879.1
284.9,1098.6
287.3,362
283.5,309.6
282.8,1217.2
290,443.2
286.8,1467
299.1,1668.9
291,1813.2
289.9,1622.2
288.6,248.3
291.7,857.6
300.3,1162.6
292.9,1522.5
298.4,457.2
291.6,836.4
296.1,1106.4
294.5,1442.2
296.7,300.6
293.2,1191.5
294.4,1335.5
296.8,1311.7
296.4,1035.2
297,1251.1
297.3,1049
296,1374.8
296.5,1690.6
295.5,1643.7
299.2,981.5
300.2,1069.9
303.5,1632.5
301.4,1721.5
306.8,380.4
300.4,427.8
302.8,937.6
306.4,1426.9
306.6,797.8
303.7,1536.8
308.4,1754.8
306.4,1029.6
309.1,1268.6
305.9,1613.9
311.6,1573.1
311.2,2.2
313.4,576.8
311,1085.6
314.8,1441.7
315,85.5
315.6,336.9
314.9,1170.8
318.4,1646.7
315.8,1798.8
313.5,1502.1
315.7,1141.3
319.1,1203.5
313.8,1724.7
315,236.8
313.6,718.6
316.2,843.6
318.5,1334.5
318.1,766.6
323.1,1035.6
317.5,869.1
317.9,1471.2
320.5,1531.2
318.7,1597.1
326.7,294.9
318.5,386.4
320.5,1318.3
325.9,546.6
327.3,1361.4
333.9,223.8
327.8,1766.6
329.6,1229
333.2,310.3
331.7,1019.8
333.4,1057.9
329.5,1074.6
329.6,1391.2
332.8,38.3
330.3,363.6
330.5,155.4
333.9,982
334.1,1454.9
338.1,1800.9
332.2,382.8
338,729.8
335.2,1613.8
338.2,950.9
335.3,1197.6
337.9,774.1
338.2,762.4
337,1164.3
351.9,184.9
342.3,1329.7
344.6,1374.3
341.8,64.2
346,1691
344,171.1
349.7,1297
346,437.5
353.3,320.1
348.1,1712.1
347,90.5
346.2,364.1
348.9,1054.5
350.4,1107.8
346,1588
351.2,1019.7
350.4,866.4
353.1,343.1
350.9,1358.9
352.4,649
354.2,245.5
355,820.6
352.9,977.3
355.4,134.1
361.3,413.6
358.6,1066.4
357.9,1309.6
359.5,537.7
360,904.3
367,368.5
363.4,974.9
359.7,1602.5
358.5,429.3
360.3,1833
365.8,105.5
362.6,123.9
361.2,780.3
362.4,811.5
362.1,1453.2
364.7,1752.5
368.4,1255.9
365.6,1089.7
366.6,1505.5
364.3,1568.9
365.5,1554.7
365.9,1022.4
371.5,1407.1
367.4,233.4
366,270.7
370.9,1815.6
368.9,72.1
371.5,706.8
368.5,825
371.7,890.9
371.2,330.8
372,134.7
374.5,839.3
372.8,784.5
376.6,1326.6
383.7,1621.7
382.9,29.7
375.6,757.4
378.5,981.1
378.7,1051.8
383.5,482.7
384.8,1109.6
380.9,1364.4
385.9,1426.1
379.4,1268.2
380.8,1733.9
384.5,408.8
385.1,1675.3
384.3,1842.4
381.6,1478.6
382.9,282.4
382.7,1583.5
387.2,225.3
384.4,316.1
389.5,144.8
389.1,166
392.8,1395
388.6,304.1
393,459.6
388.2,1078.9
390.9,1344.6
398,1556.8
391.9,58.9
390.8,587.5
390.2,1457.7
400.4,777
390.8,1027.1
399.6,46.5
394.6,860
396.8,1372.7
396.7,1356.7
393.8,1715.3
400.7,561.6
397.7,1042.5
398.3,1175.5
403.5,108.5
397.7,1789.9
397.9,434.8
398.4,685.8
399.4,1527.2
399.7,829.3
401.8,1009.9
401.4,1655.4
403.6,82.6
400.6,896.2
400.7,1161.3
400.6,269.5
401,304.6
404.6,162.1
404.3,247.6
404.4,1408.5
407.7,1328.1
407.5,916.6
418.8,934.9
407.3,1311.4
407.8,1277.6
413.2,1132.1
410.5,1291.6
412.9,1070.3
413.8,382.6
412.1,447.7
410.5,873
412.4,191
411.4,299.8
413.4,336.6
414.1,1354.1
411.8,824.1
416.1,1724.9
415.3,618.6
414.4,1791.6
415.7,263.4
422,990.2
414.3,1034.7
417.5,1827.5
420,59.3
424.7,141
419.2,233.1
419.7,962.9
420.7,324.1
417.9,580
420.4,1401.6
419.1,1703.5
421.5,413
425.1,1153.5
430.7,1474.5
427.2,1540.4
431,1585.6
432.4,594
433.3,201.2
437,1285.3
432.9,1713.2
433.5,626.2
440.9,716.3
435.8,1442.9
433.1,1730.4
432.1,1826
433.3,1009.7
434,1224.5
435.6,1390.8
439.1,962.8
437.2,346.1
435.9,1541.6
445.4,1095.7
438.1,1662.8
441.4,1756.5
441.9,1034.5
441.6,298.3
443.1,1107.1
442.1,1650.3
441.6,525.6
444.6,319.5
445.6,86.9
448,842.7
449.5,123.5
444.7,861.7
446.6,1213.1
446.9,565
451.6,1454.7
447.4,1183.8
452.1,1075.4
452.1,208.2
455.2,1145.3
451.7,1601.2
451,823.7
453.9,1311.2
456.1,252.5
460.1,1288.1
454.2,422.6
453.6,611.5
463.4,57.4
455.8,293.8
453.2,552.7
457,584.4
457.3,1719.4
457.9,1814.3
458.2,693.5
456.6,1214.2
458.9,1655.1
464,1684.6
459.1,630.2
462.6,1434
457.7,1329.1
462.2,1850
460.3,459.2
460,471.5
462.1,1473.3
465.1,1754.1
464.8,407.1
482.4,16.1
470.9,861.8
468.1,307.6
468,1361.9
474.7,1183.9
470,1722
469.4,1068.9
470.3,1235.2
470.7,1558.1
481.6,1033.3
472.2,1138.7
472.4,1574.8
470.4,1826.4
472.6,1386.6
472,1462
469.8,1535.2
472.7,1706.3
474.2,1022.1
473.9,435.5
477.4,1082.1
472.5,744
476.9,1636.2
481.5,1263.4
479.5,1282.4
478.9,1319.2
480.4,39
479.8,265.6
483.2,1043.4
483.5,470.1
485.5,941.8
486.5,1002.7
481,1235.9
481.9,1809.5
488.6,182.9
482.2,1334.8
487.6,1448.5
488.7,1666.1
485.1,307
484.3,375.8
484.8,114.2
498.4,227.3
487.5,1587.9
491.9,1364.3
490.2,481.7
488.9,97.1
492.5,292.1
491.6,404.1
491.7,962.5
493.6,158.4
494.5,1129.7
491,1699.9
494.3,1100
490.9,1245.6
494.4,648
496.5,1192.8
497.1,423.9
505.7,880
497.1,1615.2
497.7,715.5
498.7,909.4
497.5,835.2
505.8,1069.8
498.2,1692.9
504.5,1652.5
504.1,55.6
504.1,319.5
505.9,1518.9
505.1,130.7
503.2,379.7
506.7,1129.4
505.6,1445.7
507.9,1629.3
514.4,1313
508.3,1352.3
507.4,1667.5
510.6,529.4
510.1,288.3
511.8,608.9
512.3,1146.2
511.1,1165.4
517.4,159.6
514.6,206.2
518.1,1802.1
516.6,977.7
516.4,909.8
524.3,1034.9
514.8,1341.5
519.9,1714.5
520.1,844.9
519.6,1202.4
522.7,1429.6
522.7,404.1
525.8,1175.3
521.7,681.8
523.8,1401
527.9,954.4
528.6,1083.1
523,1296.6
525,1461.3
524.8,545.2
529.9,1547.6
526.6,1839.7
524.1,2.1
525.3,1235.5
534.3,1646.5
531.4,229.1
524.6,122.7
528.2,521.1
526.9,1361.2
529.5,23.6
527.2,328.6
529.8,1620.7
528.3,1685.8
531.1,1662.2
529.6,1596.9
533.1,347.1
531.5,926.6
538.3,825.7
533,1708
537.9,1194
539.5,864.8
537.9,903.1
539.5,980.1
539.3,1360
539,18.2
539.2,448.2
538.8,1773.6
539.8,60.6
545.1,85.8
542.1,307.1
541.9,405.5
540.4,1243.3
543.5,1036.7
542.4,1730.5
547.1,184.5
545.8,265.2
543.2,612.2
544.2,728.4
544.1,1422.8
547.9,1077.7
544.1,1395.3
547.3,1705
550.4,123.6
545.2,891.5
545.7,1144.7
552.4,836.6
546.1,955.1
549,1841.1
550.1,458.5
546.4,1588.6
552.9,1522.1
553.8,1746
550.6,106.2
552.6,1167.2
552,1297.8
553.7,1383.6
561.1,1430.3
557.9,55.8
552.6,281.2
556.9,227.1
558.1,938.6
559.7,300.8
559.8,960.3
563.8,1255.9
559,334.1
556.8,1550
557.5,1638.6
559.9,1414.2
558.2,155.8
559.7,677.7
559,100.9
562.1,584.7
564.4,810.8
562.1,1821.8
566.7,1281.8
562.3,1305.5
566.2,1331.7
570.6,350.8
566.2,1351.3
572,1140.7
567.7,1601.9
569.2,1011.5
568.8,1228.9
571.9,146.3
571.5,840.1
576.5,1378.8
569.1,1546.9
570.5,1663.2
571.6,677.9
570,685.9
568.1,1675
570.8,1726.5
570.7,1578
572.1,317.1
571,376.9
574.9,637.8
581.7,240.6
574.1,1086.5
577.3,940
579.5,423
580.8,1173.7
578.6,1453.6
578.6,170.4
576.2,275.9
582.8,451.6
577.9,870.4
581.9,1154.8
578.4,485.7
580.7,1247
581.4,951.6
583,1105.4
584.9,1636.7
583.1,1696.1
587.5,65.5
586.8,1463.9
586.9,213.9
589.4,274.5
584.6,338.7
588.8,1825.1
592.1,50.1
590.3,178.6
590.1,1395
588.6,508
591.7,606.7
589.6,1570.8
594.5,1518.1
593.5,247.4
593.3,370
595.6,1064.3
596.2,1602.8
600.3,1483.9
592.8,793.8
593.8,880.8
594.2,1240.7
598.5,15.3
597.9,641.7
597.4,1496.7
598.8,1771.9
598.7,1441.7
604.1,396.6
598.3,1624.5
600.3,1314.7
601.1,1347.3
601.1,1745.6
602.4,258.4
608.2,1144.8
602.8,1274
601.3,1570.9
607.5,1248.6
605.4,1326.7
605.5,318.5
606.9,172.1
608.8,338.1
606.9,803.8
608.3,286.5
606,413.9
613.8,660.1
609.2,1305.6
608,1852.3
610.8,953.2
607.6,1290.7
612.2,1636.1
609.2,736.3
611.9,1839.3
615.8,1165.5
614.6,103.7
613.8,216.7
612.8,1423.2
610.2,1663.7
615.8,1097.7
613.3,1391
614.7,1456.8
615.2,153.7
623.2,190.8
612.9,386.6
626.8,1040.8
617.5,1255.6
614.9,1692.7
617.7,129.7
616.8,788.2
618.7,1718.9
623.9,605.5
622.8,1122.3
619.3,556
619.6,1537.9
620.7,1601.8
626.6,1067.4
624.5,818.7
624.9,884
627.9,75.6
629.1,159
627.5,252.4
625.8,284.4
629.5,1229.4
631.1,315.4
635.2,1327.5
627.1,1497
636.6,359.3
626.2,1017.5
634.7,1684.1
630.1,103.9
630.2,1207.5
631.9,39.2
630.2,139.3
629,657.8
628,1381
633.9,752.6
635,892.6
634.9,333.3
633.8,1262.6
638.3,1587.2
636.7,205.8
634.1,1748
633.7,93.4
636.7,942
635.9,1420.6
637.4,816.2
639.3,1846.9
641.7,1526.3
639.6,1666.3
640.4,1059
647.5,1083.8
646.8,1243.9
644.9,507.9
646.1,385.1
645.1,1815.2
645.9,313.3
646.1,459.7
646.5,1630.2
646.9,173.1
652.9,161.9
649.1,647.5
659.8,1139
653.4,182.7
654.2,853.6
655.5,227.8
654.9,324.4
652.2,341.7
653,435.5
657.4,745.8
656.5,972.8
655.4,352.8
659.1,1019.2
657.2,1833.7
660.8,928.6
670,1618.1
663.9,1758.2
663.4,769.3
659.1,1207.8
660,1293.7
660.6,278.3
661.6,683.4
661.9,1481
660.7,1539.3
666.3,150.2
664.6,806.1
663.6,1260.6
670.4,1679.4
668,995.3
665.9,1709.9
670.3,1226
670,186.8
667.7,713.9
669.6,1.7
669.5,857.1
665.3,1087.7
668.3,1554.3
672,1591.6
670.3,1104.4
668,1530.5
674.3,1800.7
674.1,1303.5
674,887.8
671.3,1452.5
671.8,1039.3
673.8,1358.3
675.3,1189.1
675.7,1152.9
674.5,1466.7
680.7,1119.6
681.1,1633.8
683.5,91.6
680.1,556.6
679.9,1775.3
680.1,326.9
687.2,1813
685.9,293.9
682.4,1012.8
688.2,597.5
690,1497.8
689.1,114.9
688.4,171.8
688.3,907.5
687.4,1365.6
692,1677.9
690.1,1765.7
696.9,1795.8
694.8,39.5
689.8,162.7
693.4,262.1
693.4,874.9
692.6,1185.4
693.1,610.1
693.5,719.3
694.9,1356
694.6,1057.5
698,452.9
698.5,971.4
699.3,153
702.4,1712.1
705.4,1690.5
700.4,1286.6
708.1,1732.9
705.8,1563.7
708.4,1767.7
710.2,114.4
707.2,1053.8
702.4,1606.3
709.5,398.2
705.5,905.2
707.9,1621.3
714.1,39.8
707.9,1781.4
707.1,565.8
707.9,1260.9
711,360.3
712.1,1219.7
710.3,1667.8
714,1839.8
715.5,10.1
711.1,1336.3
711.8,84.7
715.6,247.7
711.5,1491.3
711.8,1643.3
713.4,1091.3
715.4,1815.7
714.5,881.4
719.3,1594.8
720,224.1
719.5,1096
722.7,176.4
719.9,939.1
723.4,1373.9
726.6,1494.9
723.9,1176.5
726.9,1820
734.5,1702.2
736.4,759.4
745.9,1589.4
730.8,1845.2
737.1,467.8
734.1,1646.7
735.8,1046.2
737,1430.9
736.8,76.7
741.5,403.7
737.2,1569.2
737.2,67.1
747.7,351
746,100.7
747.9,1813
743.5,437.3
743.7,838.9
744.4,1124.6
747.4,1662.5
743.4,626.3
756.1,318.8
748.1,341.7
749.5,1611.6
747.6,1396.4
746.9,1728.7
753.7,1764.5
748.2,59.8
748.5,199.3
750.3,1717.2
752.8,1848.1
752.5,507.9
757.7,696.4
754.7,1165.5
757.2,1000.6
755.8,1562.2
758.9,1249.4
760.3,881.7
761.3,1370.9
759.9,466.8
761.8,1285.5
766.4,1503.5
768.3,434.4
767.1,1601
766.9,1563.3
770.3,116.3
770.1,142.8
766.9,160.4
767.8,1226.6
767.5,1575.4
767.7,608.1
772,980.7
770.6,1438.8
771.6,523.7
775.1,1686.7
771.1,506.6
772.4,1158.8
776.7,1619.4
772.9,28.3
775.1,401
779.6,324.2
776.4,1278
778.4,1512.7
775.4,1474.4
781.6,462.9
777.4,965.8
779.8,1139.9
778,1636.6
780.3,1830.2
783.1,268.3
788.5,1672.8
780.3,253.7
778.5,1558.7
781,1793.7
784.9,177.4
782.9,696.2
783.9,1435.1
792.7,195.2
793.1,1256.1
791.3,284.2
789.2,302.3
794.6,1749.1
791,228.1
792.2,431.6
792.3,833.1
793.9,1451.4
795.3,1719.1
798,214.8
797.3,257.4
795.6,382.5
804.5,26.2
797.5,1549.8
795.6,1559.3
797.2,1733
798.7,1807.3
797.9,497.5
799.4,1294.4
800.9,1584.2
800,1634.4
808.9,1141.9
805.3,1643.3
805.5,1234.8
807.7,1209.7
808.1,91
810,1743
810.1,1156.8
816.7,1708.1
813.7,310.5
811.7,1484.6
810.1,1532.7
815.5,327.8
814.9,1584.8
815.1,1266.1
816.4,1320.7
817.9,1778.4
815.3,971.2
818.2,533.7
817.1,391.5
820.4,1355.3
820.7,1288.4
821.4,1666.5
823.7,1089.1
827.9,1504
824.9,266.8
823.1,378.5
829.5,1835.1
827.4,303.5
829.9,98.7
832.7,1169.2
833.3,1757.4
829.1,253.1
830.8,1190.1
837.1,366.5
833.6,623.4
835.1,1546.7
835.4,2.7
835.4,1709.6
836.7,1107.4
835.8,1383.9
835.1,183.9
832.9,231.7
839,1673.6
841.8,1359.5
837.8,956.8
841,1418.3
841.5,943.8
847.5,1690
845.1,1776.3
841.4,1228.8
847.4,1163.2
847.3,187.6
850.6,131.7
850.3,296.6
847.4,1637.7
848.8,29.1
855,221.5
855.1,1240.9
855.6,1744.5
854.6,1482.4
855.5,1028.4
857.7,1826
855.5,642
856.3,1119.5
860.5,91.6
858.2,1070.4
863.5,52.7
863.7,315.9
860.3,683.7
865.6,438.9
865.4,1322.9
869.2,1529
867.2,525.5
867.4,1466.4
867.1,1603.5
871.9,574
870.1,1716.6
871.1,219.9
868.1,662.6
869.6,1544.6
874.6,1672.5
871.1,1631.2
869.3,1087
873.8,859.5
878.9,64.9
872.9,159.7
874.4,1229.4
876.7,392.7
876,1368.9
877.6,89.5
879.1,1086.3
879.2,1422.9
882.4,1349.4
883.9,1286.2
883.7,1461.8
882.5,1539.5
885.9,1627
885.8,214.1
888.5,1075.6
887.4,1272.7
888.1,1718.2
887.5,855.2
885.9,1028.2
886.7,1412.9
888.7,1110.8
888.2,1673.9
893.4,126.3
889.1,874.6
888,1428.3
890,863.6
889.8,1471
891.5,753.3
899,297.1
894.2,1840.5
905.9,1745.4
898.1,673.2
894.5,150.9
896.1,443.9
895.3,1371.5
901.6,527.6
902,139.7
906.2,339.9
901.6,1044.9
906,1699.8
904.8,380.5
902.7,1346
904,701.2
910.9,1179.9
907.5,1817.8
909.9,1063.6
909.5,1452.7
915.1,33.1
910.3,257.8
912.2,1285
914.7,1298.8
915,1514
916.2,1593.5
916.4,767.7
915.7,1128.7
916.8,1210
916.8,1780.2
914.8,158.8
918.6,203.5
918.2,297.1
927.1,1830.6
918.3,145.1
916.9,834.4
916.9,1085.6
921.9,427.7
925.7,996.6
922.8,1251.1
930.7,1273.8
927.2,179.6
923.9,611.2
926.2,56.1
928.3,123.2
934.9,235.1
925.9,571.4
927.3,1464.5
927.5,1493.4
927.5,1846.5
930.3,1366.6
927.4,689.8
930.6,903
929.2,812.9
934.8,394.1
939.7,379.4
933.1,1424.8
944.4,1621.9
941.3,162.3
943.6,626.4
949.1,1511
941.5,1606.5
945.9,6.6
940.9,1344.5
946.1,60.9
945.8,141.4
942.2,1540.7
943.8,1306.6
944.2,1689.2
950.5,426.5
943.7,1451.5
950.9,1768.6
948.9,805.6
950,1565.2
948.6,1044.1
958.8,182.7
948.2,1678.4
952.2,1799.7
949.9,1101.8
952.1,158.6
957.4,68.4
960.8,97.1
957,1497
959.7,2.7
957.8,862.6
959.4,344.9
960.2,1554.5
964,621.6
964.3,488.5
965.3,589.8
962.8,720.6
966.5,1432.9
968.3,12.4
966,246.4
967.1,283.5
969,1582.5
971.2,685.4
969,765.3
965.4,1280.6
966.2,154.6
966.8,514.9
967.2,704
971.1,1182.6
969.8,871.7
970,714.1
972.4,983.4
971.6,545.1
974.5,1473.9
972.6,1553.2
976.3,323
975.2,365.6
974.9,1393.3
978.2,158
974.1,703.4
976.2,1689.6
978.1,1761.2
980.1,1805.3
980.5,343.6
978,452.4
977.7,1108.2
978.7,1625.3
981.6,510.8
983.7,225.4
979.1,1072.8
981,1326.2
983.7,1412.1
984.4,278.7
983.3,1677
979.9,1847.5
987.8,35.1
983.4,792.1
987.3,1556.2
987.5,1700.7
984.5,1835.8
995.4,735.6
989.8,752.2
987.9,1034.9
986,1461.8
991.2,124.3
991.8,145.2
989.1,1479.6
995.2,105.1
992.7,421.6
996,1422.8
997.4,238
1000.2,1022.1
998.8,1786.5
997.8,71.2
1006.7,1688.7
1002.7,1755.5
996.9,1811.9
1000.2,660.1
1000,192
1003.4,548.7
1000.9,1163.2
1000.9,1545.2
1002.9,364.8
1007.9,1653.9
1003.6,1740
1011.2,14.2
1007.2,133.5
1006.6,1591.7
1006.2,788.7
1007,1488.9
1010.2,217
1011.1,694.3
1007.8,769.7
1011.4,937.6
1010.7,1725.7
1012.4,676.5
1012.9,310.6
1014.7,1505.8
1016.6,84.1
1013.1,446.5
1015,609
1020.2,182
1016,1070.3
1016.4,1779.5
1023.6,31.5
1021.5,627.4
1017.2,1710.8
1024.8,117.1
1020.6,250.8
1020.4,1240.4
1025.1,377.9
1022.3,932.2
1025.7,1610.7
1027.6,983.8
1029.7,64.7
1023.4,217.1
1025.9,1845.5
1025.7,962.7
1027.3,686.8
1028.1,1475
1027.8,539.2
1027.6,711.2
1029.8,207.4
1031.5,720.7
1034.8,870.8
1031.3,1340
1033.1,180.9
1031.6,1516.6
1035.1,1633.9
1036.3,633.3
1038.7,772
1038.9,1384.1
1034.9,1532.9
1042.8,1768.9
1038.6,161.3
1038.9,1546.7
1037.4,1458.7
1040.5,1575.9
1036.8,1691.4
1042,1796.4
1039.1,595.5
1037.5,1007.3
1043.3,621.5
1038.7,889.2
1040.9,201.6
1046.2,663.1
1043.9,1667.2
1044.2,832.8
1043.4,568.7
1047.8,816.3
1050.6,7.9
1047,690.4
1045.6,1103.5
1052.3,1448.1
1048.5,1815.3
1047.6,404.7
1046.3,536.2
1049.9,857.8
1049.1,125.7
1049.4,164.3
1050.6,232.6
1054.8,1285
1052,1487.9
1054.5,1525.8
1055.5,36.6
1051.8,1258.2
1055.6,562.4
1054.8,935.6
1058.1,963.5
1058.9,951
1061.8,1322.9
1059.1,123.8
1061.3,594.4
1061.4,1303.3
1063.7,108.2
1060.5,663.3
1063.3,767.3
1065.1,188.4
1064.6,626
1063.6,712.1
1066,694.1
1063.2,917.3
1065.4,1579.8
1066.1,1674
1064.6,513.8
1071.8,1653.4
1069.8,1708.7
1067.2,1511.9
1070.5,1790.1
1070.2,799.3
1068.9,423.4
1077.3,212.5
1076.2,653.2
1071.8,520.2
1074.7,574.5
1072.3,1094.7
1071.5,670.6
1076.5,1042.4
1078.7,1752.2
1075,1803.5
1080.6,711.1
1077.5,978.5
1080,328
1081.9,445
1081.6,831.2
1085.5,116.6
1082.5,301.2
1082.4,197.1
1088.9,533
1085.5,1736
1090.4,1774.9
1095,42.2
1085,1482
1087,1365.2
1088.3,1700.8
1089.7,469.9
1090.1,1316.5
1093.5,1439.8
1093.5,204.8
1092.1,508.7
1095.2,326.1
1093.9,1613.2
1095.7,1686.8
1095.7,789.5
1099.1,954.3
1100.1,1649.1
1097.7,547.4
1100.7,134.6
1100,261.9
1104.2,629.2
1101.9,1547.9
1103.7,1733.2
1103.8,60
1102.5,1289.1
1108.8,1629.7
1108.4,120.9
1106.4,747.2
1109.9,174
1105.7,355.4
1111.9,1442.5
1112.3,434.4
1107.1,512.8
1107.4,1322.6
1108.9,342.1
1115.8,494.5
1107.8,1590
1113.5,211.4
1108,527.2
1110.1,650.3
1111.3,1201.6
1112,1525.4
1124.9,1506
1113.2,463.3
1118.2,555.1
1115,59.2
1115.5,1726.5
1115.9,803.9
1116.8,1181
1116.6,678.4
1120.2,1585.7
1126.4,18.4
1127.6,1424.3
1120.1,1472.7
1127.6,95.4
1124.9,171.9
1124.9,506.2
1126.5,1159.3
1126.1,32.3
1131.6,291
1122,639.3
1126,924.7
1125.8,123.4
1126,541.5
1134.4,1716.7
1130.1,604.9
1127.6,1285.2
1131.9,53.5
1131.1,783.9
1139.2,1451.8
1133.6,1648.4
1128.7,683.7
1130.3,1675.3
1134,662.9
1133,1845.3
1134.8,1793
1137.4,304.9
1135.3,1389
1144.7,109.1
1137,800
1141.1,202.6
1139.6,352.4
1150.7,401.2
1140.5,814.5
1140,443.3
1141.3,1325.8
1144.1,1373
1142.2,1566.2
1148.4,272.8
1144.3,1730.4
1147.5,136.1
1144.2,1673.3
1151.2,308.2
1146.2,368.7
1152.7,1176.6
1149.4,181.8
1152.8,1276.8
1154.8,1493
1150.5,784.2
1153.8,1330.1
1152.2,1416.6
1151.5,197.6
1153.8,573.4
1152.3,600.1
1153.2,426.8
1156.2,888.6
1154.6,1355.6
1158.7,8.9
1154.8,803.3
1154.8,1240.7
1157.1,1306
1160.9,869.5
1160.5,1796.8
1168,1546.3
1163.7,380.4
1162.3,1592.5
1164.7,35.8
1162.7,52.1
1165.3,538.2
1166.4,486.3
1166,126.8
1166.7,1659.3
1166.6,1256
1168,1273.9
1171.3,1751.8
1170,474.7
1168.2,694.7
1170.9,516.3
1170.3,1824.2
1170.1,629.3
1173.5,292.2
1170.5,881.8
1177.8,1395.5
1174.4,1381.3
1178.9,1463.5
1173.7,1481.6
1176.8,52
1181.2,1634.7
1174.8,1800.6
1178,1272.8
1182.2,1672.2
1180.7,1119.3
1183.6,1738.9
1180.2,862.5
1183,1548.7
1182.8,14.3
1182.2,1191.6
1185.9,1254.2
1183,1083.4
1187.7,1724.9
1192.8,144.8
1192.5,1527.3
1191.2,1275.8
1191.7,1798.9
1190.8,259.7
1190.2,549.2
1196.2,1781.8
1192,615.4
1201.2,1719.8
1201.6,1634.6
1195.5,1205.4
1198,1265.2
1199.3,1150.9
1197.2,470.8
1198.3,1175.4
1200.9,1396.1
1198.8,761.3
1201.7,57.6
1204.1,76.3
1200.9,1551.7
1201,1840.6
1205.8,396.6
1203.7,875.7
1203.1,1339.5
1205.2,315.2
1202,15.8
1202,1489.4
1202.9,457.9
1205.4,428.3
1208.1,1380.4
1207,449.6
1214.2,33.2
1212.5,368.8
1209.1,1206.2
1211.2,1434.4
1210.5,1679.1
1210.4,1781.7
1208.3,1847.1
1209.3,1280.7
1214.6,1170.8
1215.7,1818.1
1213.2,158.3
1213.5,562.6
1222.3,12.4
1218,1732.7
1222.2,1491.8
1217.2,305.4
1216.2,1087
1219.4,415.2
1216.7,1536.5
1216.7,1564.9
1218.2,81.5
1218.1,1710.5
1219.3,64.2
1218.3,515.7
1220.6,672.1
1224.6,1467.5
1220.1,1552.7
1222.9,1179.4
1222.2,1059.7
1223.3,1405
1223.8,392.1
1223.4,731.5
1223.6,1433.6
1232.1,1767.4
1226.9,497.6
1225.4,1089.2
1229,515
1229.1,1698.4
1230.6,1199.9
1229.2,1539.7
1235.1,1656.5
1229.8,141.7
1230.2,209.7
1236.7,267.8
1228.8,710.2
1231.3,1388.8
1230.1,1599.1
1232.5,419.2
1234.5,1106.9
1233.1,730.3
1233.8,668.6
1236.3,1298.2
1234.2,35
1239.3,4.2
1237.1,1447.6
1243.4,1530.5
1240.9,1277.5
1243.2,191.9
1245.3,1188.1
1244.3,1796
1242.5,719.5
1248.6,1035.6
1239.7,1506
1245.3,223
1245.2,1141
1246.5,53.5
1244.3,351.2
1245.6,1732.2
1246.2,119
1244.9,1322.7
1244.2,1586.8
1247.6,1250.3
1247.8,1267.2
1246.1,1351.6
1246.2,1840.3
1244.4,1623.8
1253.6,390.9
1250.7,624.9
1247.6,1160.3
1250.6,154.8
1249.6,307.4
1251.8,2.5
1257.7,327.4
1255.7,1295.5
1253.4,1651.8
1256.2,1672.7
1260.2,197.2
1259.5,1168.4
1258.3,133.7
1258.1,1362.4
1259.1,1591.8
1259.1,1091.5
1259.8,1320.5
1264.2,12.5
1260.3,1815
1269.9,1140.8
1261.7,498.6
1259.7,730.1
1259.9,1641.8
1265.4,1072
1266.6,1385.8
1267.1,633.3
1266.4,1741.5
1267.1,687.9
1267.6,746.3
1265.4,144.5
1269.1,1656.9
1268.9,1833.3
1267,947.3
1268.6,153.8
1271.7,1089.6
1269.6,185.9
1275.8,1765.3
1276.1,1116.2
1275.4,1431.2
1274.4,303.8
1275.2,1052.7
1273.6,1731.2
1276.8,526
1277.7,724.9
1278.6,960
1277.6,1075
1280,1173.4
1277.1,1289.4
1283.3,890.9
1278.8,1023.3
1283,1777.1
1280.8,750.2
1280.8,1197.1
1278.5,1346.1
1280.7,1593.4
1288.2,1298.7
1284.8,1818
1283.2,23
1282.9,98
1282.6,294.3
1285.8,1377.7
1286.2,465.6
1287.3,1632.4
1287.8,67.8
1285.9,122.3
1294.2,34.4
1292.1,516.1
1293.1,279.9
1293.1,1248
1290,1346.3
1293,1471
1289,1014.6
1295.5,1747.8
1292.4,152.4
1296,1318.6
1293.9,1573.2
1291.6,612.3
1293.7,1588.7
1294.2,1674.7
1290.7,1787.8
1299.8,170.1
1296.2,86.1
1293.9,314.8
1301.9,1532.5
1297.3,493.9
1304.6,690.1
1301.1,1331.8
1299.7,364.3
1297.2,658.8
1300.9,1146
1308,62.2
1299.8,406.5
1305.9,311.4
1303,1281.7
1305.2,1699.1
1310.9,1647.3
1305.9,140.4
1309.8,1682.6
1304.5,1765.4
1310.6,10.8
1313.7,197.7
1309.1,809.6
1308.9,1239.9
1312.4,278.7
1311.5,1069.1
1312.5,1830.8
1312.9,1118.9
1312,1257.3
1313.9,1567.1
1317.3,403.2
1314,916.9
1318.1,1521.7
1316,660.6
1317.3,1080.9
1319.1,1236.7
1319.2,1304.8
1322.7,1577.8
1320.2,1162.1
1320,1748
1322.6,2.7
1320,1200.1
1319.8,25.9
1322.5,994.2
1322.6,112.4
1327.5,915.6
1324.4,1776
1325.8,789.2
1330.4,1143.6
1330,221.2
1337,497
1330.2,1592.5
1330,1723.3
1330.6,780.1
1331.8,1210.5
1333.9,270.8
1335.5,1031.4
1335.7,1049
1333.1,1248.5
1337.2,363
1336.2,862.5
1338.8,3.5
1338.2,453
1338.3,1087.9
1343.4,1488.7
1347.2,332.6
1338.6,633.5
1339.6,1356.3
1338.6,143.1
1340.5,277
1340.4,1120
1341.8,1136.6
1339.6,1644
1344.5,247.6
1345,757
1342.5,1259.7
1344.9,1742.5
1349.2,1838.9
1342.3,1054.3
1343.4,961.5
1349.5,1656.6
1360.4,446.5
1350.6,1084.3
1352.4,1380.5
1349.8,1798.5
1352.4,405.4
1354.4,943
1351.2,1424.9
1352.6,473.9
1357.4,556.6
1352,1012.7
1353.7,150.7
1356.3,702.4
1353.2,1272.4
1359.4,464.8
1360.6,1224.8
1356.4,316.2
1364.4,1464.5
1362.9,906.4
1365.4,1043.8
1360.3,1613.5
1365,1631.1
1365.7,664.2
1365.7,1707.8
1367.6,882.5
1365.2,982.6
1367.8,1447.9
1369.1,1164.4
1369.7,1665.7
1368.3,1557.3
1374,629.8
1374.6,59.8
1371.6,259.8
1373.1,1593.3
1372.9,367.9
1374.3,154.4
1373.5,872.1
1377.7,78.3
1377.9,414.4
1380.1,948.9
1377.3,1091.2
1380.6,1503.6
1379,138.1
1382.8,497
1380,685.6
1383.7,788.5
1380,928.2
1378.2,1157.8
1382.5,1233
1378.5,1679
1383.7,804.7
1385.1,889.2
1381.9,1180.4
1387.1,1269.8
1380.2,1845
1383.5,768.6
1382.6,823.9
1382.2,1305.7
1385.3,1606
1386.2,245.4
1385.4,537.9
1388.2,1552.6
1389.8,2.1
1387.5,1321.7
1387.1,1465.2
1389.3,1510.1
1391.4,427.7
1392.4,1418
1395,1584.1
1393.9,654.5
1394.4,506.7
1392.9,1762.5
1395.9,842.4
1399.1,1117.7
1397.2,1376.5
1397.6,1689.3
1403.1,1214.7
1401,1149.5
1399.8,1442.5
1402.2,1529.1
1405,1556.8
1400.4,552.6
1400.8,1273.8
1400.4,1462.2
1405.4,1485
1402.2,219.4
1408.5,941.9
1411.8,961.5
1405.8,1315.4
1401.9,1340.7
1406.2,1508.7
1413,26.8
1409.5,459.5
1404.8,1663
1404.6,562.5
1407.4,778
1407.6,1044.7
1405.7,1540.6
1408.2,1394.8
1409.2,1422.3
1408.5,1336.2
1412.6,1072.5
1413.7,135.6
1410.9,1129.8
1413,1267.9
1412,1737
1415.7,208.2
1415.1,406.7
1419,678.1
1417.2,927
1414.5,1353.4
1418.6,754.5
1417.8,1010.7
1417.4,1452.6
1416.2,871.6
1415.2,1684.6
1417.1,1396.4
1416.5,1520
1424.6,1542.3
1422.4,1628.3
1421.2,712.1
1420.2,1602
1420.8,1510.6
1422.4,387.1
1426.4,1332.6
1422.5,1667.8
1425.5,12.2
1426.4,1718.7
1425.2,1134
1427,566.7
1430.8,631.5
1431.7,1755.1
1426.6,1351.8
1434.1,1813
1430.7,587.8
1428.8,1178.8
1430.6,899.8
1430.9,1083.8
1441,540.3
1435,1491.8
1431.9,1588.4
1432.8,369
1435.8,1390.9
1440.4,1248.5
1439.4,1362.2
1441.2,1418
1436.9,461.3
1435.9,1136.1
1445.8,1578.3
1439.9,1660.8
1438.4,1715.8
1439.8,498.5
1441.6,677.3
1440,767.9
1446.7,852.1
1443.1,1181.1
1441.3,352.5
1441.9,1846.1
1446.4,1295.8
1449.7,1740.4
1447.1,331.8
1451,1068.1
1449.6,1136.4
1448.9,1613.9
1463,1766.7
1448.1,133.7
1449.1,320
1451.1,1265.3
1452.1,402.9
1454.1,592.6
1453.1,1283.8
1457.5,1719.6
1449.9,40.7
1454.8,643.6
1451.9,664.6
1452.3,891.4
1451.3,1318.5
1455.5,1686
1458.4,384.6
1455,1355.1
1453.1,1557.4
1455.7,337.6
1456,568.7
1455.4,1671.9
1458.2,1081.4
1456.9,1835.8
1456.5,1853.5
1465.1,1814.7
1463.5,118.7
1464.7,1487.4
1461.1,1544.4
1463.9,830.2
1465.2,941.6
1474,1239.5
1465.7,1501.4
1465.1,1623.3
1467.3,447
1469.9,495.2
1466.5,1845.3
1473.4,384.6
1477,667
1471.2,1410.6
1470,355
1473.5,571.5
1471.5,1307.3
1472.9,1543.4
1476.6,96.7
1476.4,235.2
1474,711.9
1476.8,842.3
1477.4,694.7
1480,1796.3
1477.4,1183.1
1488.1,598.5
1480.4,1386.6
1480.6,1722.1
1478.3,407.2
1481.5,1204.8
1482.3,1283.2
1478.4,532.4
1480.7,1495.8
1480.4,721
1486.2,1529.2
1484.8,64.4
1485.9,679.3
1488.5,1100.1
1491.5,1228.2
1485.4,577.7
1484.4,1506.1
1489.5,495.2
1487.8,82.4
1487.9,1079.4
1490.2,1174.4
1487.6,1734.2
1488.7,466.2
1489,376.8
1490.6,820.3
1489.9,885.5
1495.4,1623.1
1493,1503.8
1497.2,1673.5
1497,1244.1
1495.9,1367.4
1496.7,1600.2
1499.7,56.6
1499.8,1413.3
1495.1,1755
1501.7,448.2
1496.7,481
1496.7,239.9
1501.4,1582.7
1501.5,1277.3
1498.3,1449.7
1501.1,471.6
1502.8,745.3
1504.4,1048.4
1506.6,1493.3
1506.9,305.6
1505.6,1654.2
1511.2,690.5
1505.5,1693
1506.6,1758.4
1510.7,1611.1
1509.8,948.3
1507.7,1217.3
1511.9,151
1511.1,435.6
1509.5,1016.2
1511,1263.1
1517.7,575.4
1510.9,1324.1
1514.7,415.8
1515,1197.1
1512.9,1458.1
1514.5,629.5
1520.2,200.5
1517.9,245.6
1521,321.8
1519.6,894.3
1519.4,1055.6
1522.2,1215.4
1520.4,1665.9
1518.2,1415
1518.9,1758.6
1520.7,1690.9
1523.7,1734.3
1521.8,4
1524.8,1489.5
1525.5,1542.2
1528.8,310.9
1533.3,560.6
1528.6,1833.8
1534.9,1648
1531.1,165.5
1529.3,185.2
1530.5,207.4
1530,1010.4
1531.5,1342.4
1535.8,48.1
1531.4,1559.2
1530.2,1576
1535.9,359.1
1542.7,616.4
1532.9,1288.4
1535.2,1304
1538.6,1593.7
1540.7,57.8
1537,1230.8
1538.7,148
1541.3,1805.5
1541.1,1698.8
1541.7,457.8
1543.2,732
1548.5,391.4
1544.3,640.3
1546.9,135.3
1545.3,444.7
1544,1571
1548,478.2
1546.9,575.6
1546.6,1254.9
1550.7,1514.1
1564.9,1449
1556,1779.5
1552.1,1398.9
1547.5,1759.3
1549.6,1671
1551.8,1741.8
1551.1,1561.6
1553.5,1809.1
1555,323.3
1551.7,1821.7
1556.4,280.2
1553.5,356.8
1555.1,1428.1
1556.2,1247.1
1558.1,1697.3
1557.1,1604.2
1559.9,476.9
1563.8,807.2
1562.7,1206.3
1560.5,10.8
1562.1,715
1563.7,1498.8
1563.5,220.5
1562.6,1009.1
1566.2,1254.2
1567.8,1386
1571.8,1676.4
1571.1,54.5
1569.4,103.8
1568.6,1348.8
1568.4,1410.7
1569.3,306.5
1574.1,1486.9
1576.9,1331.4
1572.7,1561.3
1573,331.2
1575,1725.5
1576,783.6
1575.9,1316.9
1578.1,1519.5
1577.8,1663.8
1576.5,1799.1
1575.6,19.1
1578.8,1774.1
1578.3,90.4
1579.6,228.8
1578,365.1
1579.9,424
1578.3,626.3
1583.6,1838.9
1582.1,144.7
1580.8,289.4
1584.1,1493.3
1589.3,1429.5
1584.7,406.5
1587.8,1584.6
1586.7,1448.4
1589.1,1676.9
1593,1742.7
1591,1060.8
1592.7,378.5
1590.6,1606.5
1593,413.2
1596.4,934
1595,1007.4
1604.2,251.4
1593.9,1384.6
1595.6,325.8
1599.3,1410.5
1594.5,1458.2
1595,856.7
1598.9,1474.4
1594.6,1766.8
1597.2,815.3
1598.6,203.8
1599.8,1448.8
1598.5,1612.5
1598.9,1671.8
1604.8,339.9
1602.8,829.4
1614.1,69.5
1603.4,179.1
1604.5,36.4
1611.9,1260
1608.9,1711
1606.8,7.6
1605,820.8
1608.2,1736
1606.9,1404.3
1612.5,1565.4
1609.7,1467.4
1617.3,99.2
1610.2,696.4
1613.8,1487.7
1613.5,1607.4
1618.4,1792.9
1620,356.1
1612.8,981.7
1615.6,1047.9
1617,1635
1615.7,1163.7
1616.6,845
1621.1,1414
1622,1506.9
1618.2,951.4
1622.7,1528.5
1624.4,751.7
1625.6,1108.9
1625.5,1819.8
1629.3,226.7
1631.1,258.4
1629.9,1665.6
1630.8,42.1
1628.7,1346.4
1629.3,124.2
1633,134.8
1634.4,1583.5
1635.6,1626.4
1638.8,1678.2
1634,1446.4
1637.4,427.8
1636.7,586.6
1638.4,720
1635.2,1529.1
1635.5,1539
1637.4,1829.3
1638.6,63.9
1640.3,395.3
1641.5,97.1
1643.3,1381.8
1642.4,486.5
1644.2,1691.6
1643,325.7
1646.9,1473
1645.8,277.7
1650.8,937
1648.6,1624.9
1650,361
1646.4,1534.4
1650.8,1158.1
1653,450.9
1650.1,1781.3
1652.3,1142.3
1650.5,1287.5
1656.1,799.7
1657.9,257.3
1655.1,969.3
1655.9,1825.5
1658.4,821.7
1657.7,418.5
1659.1,386.8
1662.3,1382
1667.7,1480.3
1661.9,315.6
1661.1,1010.4
1661.9,78.3
1661.4,1611.7
1665.3,168.3
1664.4,1262.1
1665.8,1792.4
1664.6,190.9
1667,908.4
1669,990.6
1666.8,1426.6
1668.8,1514.6
1666.6,69.2
1669.2,463.6
1667.3,1749.9
1669.8,871.4
1671.9,1611.4
1671,19.9
1672.7,266.5
1672.7,1547.8
1672.1,39.6
1675.2,1662.5
1672.3,91.8
1674.9,1587.3
1675.3,1740.7
1674.7,1170
1680.2,1636.2
1683,1792.3
1676.6,816.1
1678.2,1459.4
1678.8,1300.2
1676.9,1530.9
1680.4,8.4
1678.6,855.6
1681.4,1217
1682.4,64.9
1685.2,1506.3
1680.7,1724.8
1683.1,1253.5
1682.8,1751.9
1682.4,970.7
1685.5,431.4
1684.8,1400.7
1689.3,1736.1
1691.1,919.3
1686.4,1540.9
1689.4,1831.8
1690.4,1389.2
1690.6,192.7
1693.8,1717.1
1695.5,883.8
1693,1626.9
1694.9,40.6
1701.8,71.8
1699.9,352.9
1697.6,462.9
1696.4,1026.4
1696.8,1075.6
1698.8,998.9
1700.3,279.8
1700,1510.8
1702.8,559.7
1700.6,1729.4
1705.7,1484.1
1713.1,653.8
1709.6,1721.5
1707.2,1770.4
1711.8,1358.3
1708.2,1407.6
1710.9,165.4
1710.3,476.5
1712.1,1672.8
1714.4,1826.2
1715.5,528.4
1718.8,367.7
1714,1500.1
1720.4,1637.9
1714.2,323.3
1717.8,1760.1
1716.3,1793.9
1718,399.5
1720.1,13.7
1717.5,829.8
1719.5,927.6
1719.4,1810.7
1719.5,863.6
1723.2,155.8
1722.2,1669
1727.5,1719.4
1724.1,741.9
1724.4,903.2
1725.8,1530.5
1739.5,365.7
1725.2,1045.3
1725.5,1109.5
1728.7,27.5
1727.4,567.4
1726.5,578.7
1728.3,250
1733.4,333.5
1731.8,1489.1
1733.8,1598.9
1737.5,15.8
1738,205
1735.3,304.2
1735.8,527
1735.5,919.5
1736,1619.4
1734.1,1804.5
1734,1749.5
1737.5,182.4
1737.3,833.5
1739.5,162.5
1738.1,78.2
1741,816.6
1744.6,1705.8
1740.6,1054.2
1743.2,1427.5
1739.7,1852.9
1743.6,93.4
1740.5,1636
1743.3,1530.2
1743.8,190.4
1748.9,335.9
1745.4,1211.4
1747.2,1507.7
1745.8,1767.5
1743.9,1792.9
1747.6,1783.4
1746,1194.9
1751,119.7
1748.2,287.8
1756,733.4
1749.8,1588.8
1766.9,62.2
1754.2,1400.5
1750.3,1844.1
1762.5,1833.5
1753.1,695.1
1757.1,1082.6
1752.8,1517.6
1758.4,1315.1
1760.7,1560.1
1757.6,1619.6
1758.2,1446.7
1760.3,1688.8
1757.3,760.1
1760.7,1749.5
1763.1,1540.1
1760.2,178.9
1761.9,1001
1763.7,1807.3
1762.2,246.7
1760.7,198.4
1764.3,959.7
1766.3,30.3
1765.2,19.5
1774.6,1351.1
1764.9,189.1
1766.4,305.1
1769.1,917.7
1776.2,176.4
1771.4,692.2
1772,1525.4
1770.5,141.2
1770.1,331.6
1775.6,97.7
1775,1108
1777.7,1083.4
1776.8,1540.1
1777,1628.3
1778.5,32.2
1777.2,202.2
1779,481.8
1779.1,1787.2
1777.4,1757
1782.6,801.1
1780.4,1228.7
1780.6,1711.9
1787.4,1495.3
1790.9,1738.3
1791.1,107
1786.9,1557.1
1790.7,1313.2
1794.5,1751.6
1793.4,1004.5
1796,1457.2
1798.3,917.9
1797.8,96.5
1798.9,637.5
1796.9,85
1796.6,154.3
1799,390.8
1797.3,1374.2
1801.4,1707.1
1802.8,1842.6
1805.6,14.4
1804.1,274.7
1801,318.3
1804.2,1558.9
1808,1411
1806.9,1664.5
1804.1,161.4
1808.8,1768.4
1811.9,58.3
1808.2,1023.9
1809,1005.8
1811.6,1259.4
1812.5,1740.9
1810.9,1434.4
1815.4,1572.3
1816.4,451.1
1816.2,135.9
1818.9,715.9
1821.4,87.4
1820.6,949.7
1822.5,1843.3
1821.5,780.6
1826.9,592.2
1823,1068.4
1824.1,1716.2
1826.1,253.6
1827.3,1676
1831.1,1184.6
1828.2,1827.9
1830.4,161.9
1830.1,424.6
1832.9,804
1832.8,1495.5
1830,346.5
1832.8,876.6
1833.3,1022.4
1837.7,1658.5
1836.9,1766.3
1834.6,894.5
1835.4,515.8
1836.2,1479.3
1840,289.8
1838.5,470.6
1840.4,75.1
1841.9,60.9
1842.3,132.4
1840.5,275.3
1843.5,498.1
1849,536
1843.9,607.7
1847.7,1365.2
1847.5,372.9
1845.7,780.3
1847,1585.1
1847.7,1787.6
1846.9,563
1848.7,954.8
1849.3,1526.3
1849.3,172.8
1849.1,586.1
1851.2,966.3
1849.8,1599.4
1852.9,105.8
1853.7,525.4
1854,1491.5
1855.5,1537.5
1855.8,1184.6
1854.6,198
1856.5,215.9
1858.5,1610.7
1858.4,1753.1
1863.3,1839.9
1859.4,1723.8
1860.3,497.5
1857.8,1007.3
1859.4,12.8
1861.6,1503.2
1859.8,1640
1864.6,1135.4
1865.5,1568.3
1866.3,1040.3
1864.4,1708.5
1865.8,351.3
1874.4,87.9
1866.6,895.9
1871.9,819.6
1869.6,390.2
1871.5,129.7
1875.1,19
1869.5,147.5
1873.3,480.3
1880.6,1822.9
1876.5,419.7
1881.8,898.2
1879.6,1516.3
1878.2,1665.9
1888.9,1699.8
1877.2,1836.3
1890.4,1147.6
1881.7,1170.1
1885.3,873.9
1881.8,134
1886.4,226.8
1890.1,1102.1
1886.4,1763
1884.8,813.5
1886.5,976.8
1888.5,989.8
1883.9,1846.1
1885.8,364
1888.6,1130.2
1888.3,1062.3
1885.5,1413.6
1886.1,1799.5
1888.8,375.6
1886.5,58.6
1890,172.9
1890.5,1251.8
1890.6,1792.4
1895.4,1392.2
1892.6,1829.1
1898.3,91.7
1898.7,1024.7
1893.2,1266.1
1901.6,273.1
1895.9,916.5
1898.6,1633.6
1902.3,1341.2
1902.7,1608.2
1899.8,663.3
1901.1,1138.1
1919.9,1292.7
1902.5,9
1904.8,104.9
1905.9,1418.7
1907.2,1091.5
1909.8,1741.7
1908.1,253
1905,1059.7
1909.7,119.8
1909.5,325.8
1910.5,837.8
1912.6,662.8
1912.5,1377.3
1910.5,202.6
1912.6,648.8
1909.4,894.7
1916.5,1136.5
1913.8,1685.3
1911.5,1722.8
1915.7,3.8
1914.8,934.7
1916.8,1631.7
1914.1,956.9
1914.8,155.2
1927.9,1247
1918.3,1819.1
1915.6,1208
1917.5,1232.7
1920.1,1321
1916.3,1510.5
1922.9,1698.9
1925.8,204.3
1919.2,269.7
1921.4,1043.6
1927.9,1717.4
1932.7,1095.7
1924.2,69.4
1928.8,252.4
1924.3,302.1
1927.4,879.9
1925.3,983.2
1926.4,1400
1924.3,1618
1925.7,88
1930.5,177.9
1929.9,1059.7
1928.7,1476.9
1931.8,1684.2
1930.2,117.3
1931,904.8
1935,937.1
1945.3,1666.9
1931.2,1783.7
1933,287.7
1932.4,614.5
1937.7,222.4
1936,1049.6
1932.7,1205.8
1933.7,1758.5
1940,1359.8
1936.2,778.7
1936.5,90.9
1939.1,1017.9
1943,1191
1937.9,1272
1942.6,1824.4
1943.2,1176
1943.7,1791.5
1942.4,1627.1
1941.1,1808.6
1942.5,875.4
1947.2,957.5
1947.2,1229.4
1948.8,18.3
1957.8,1074.4
1951,685.7
1950.1,1500.6
1951,895.1
1950,1217.9
1948.2,1273.7
1952.6,1636.5
1957.9,272.9
1950.5,334.5
1956.4,1816
1959.5,1531.2
1964.2,1129.6
1961.4,1341.9
1963.5,795.1
1962.8,1327.2
1966.8,1292.7
1965.8,166.7
1967.3,76.7
1971,1105.6
1966.5,1218.4
1966,59
1968.8,1701.7
1972.1,1240.9
1969.3,1536.1
1972,232.3
1974.4,1187.2
1975.6,843
1973.8,1682.5
1974.6,1800.4
1980.3,1145.7
1974.9,1650.5
1977.4,204.3
1977.3,642.1
1975.9,931.9
1981.6,1596.9
1977.9,1819.4
1978.7,10.4
1977.9,155.6
1980.9,533.6
1981.3,1338.2
1984.5,67.8
1985.5,142.2
1983.4,32.8
1983.9,85.6
1987.8,1356.7
1984.8,809.8
1990.2,1166
1984,1528.4
1985.6,1733.2
1986.7,868.1
1985.1,1124.5
1986.3,1616.5
1987.5,1681.5
1993.3,750.8
1986.2,945.9
1989,1543
1990.6,968
1994.1,1305.3
1992.4,679.1
1992.5,1335.8
1991,1009.8
1996.7,334.7
1998.4,1401.2
1996.9,1428.4
1998.6,12.3
2000.7,68.2
1999.2,691.9
1997.1,1184.9
1999.9,1501.4
2005.3,1088.4
2001.4,1745.1
1999.2,1849.7
1999.4,142.8
2001.4,549.6
2002.1,1537.3
2004.7,822.6
2003.6,1601.3
2012.6,708.7
2005.6,737
2004.6,1675.7
2002.5,1786.8
2002.9,969.2
2010.9,160.7
2012.6,749.6
2010.5,1432.7
2011.4,767.1
2014.3,1617.1
2015.2,7.3
2017.5,787.6
2024.5,1179
2017,1242.2
2017.8,76.3
2016.8,799.1
2016.3,1029.4
2020.8,1066.7
2017.2,1137.2
2016.8,1301.5
2019,1576.4
2016.3,1683.1
2016.8,1759.3
2015.6,1795
2019.6,1819.3
2019.1,1004.9
2020.3,1517
2020.8,1553.9
2023.7,617.6
2021.6,1410.9
2022,1832.7
2020.6,1039.3
2024,1538.4
2023.6,727.7
2025.6,1766.6
2027.3,542.8
2023.7,841.8
2023.3,1151.2
2029.9,1799.6
2026.1,1286.5
2027.6,1310.8
2032,1785.8
2029.9,598.1
2035.1,750.3
2034.3,1433.2
2034.9,1676.7
2032.3,578.6
2034.7,1145
2045,979
2038.3,1726.8
2037.9,897.3
2033.6,1510.9
2036.4,636.3
2040.1,822.8
2036.5,918.4
2041.7,1004.2
2039.8,1551.7
2043,1389.2
2044.7,1212.9
2043.7,1067.8
2040.4,1197
2049.6,878.8
2042.4,925.3
2042.9,1491.2
2042.3,1812.5
2047.8,1295.1
2044.9,1127.3
2045,1251.8
2049.8,1803.9
2048.2,760
2048,593.8
2052.3,1770.6
2052,661
2054.2,1233.2
2056.9,1062.2
2056.9,1538.7
2055.4,144
2058,392.4
2056.3,1400.7
2056.2,1464.8
2055.9,537.8
2064.4,1585.5
2059.1,1143
2060.3,833.2
2066.6,863.7
2063.5,713
2063.2,1037.5
2060.4,938.3
2065,1443.7
2062.4,1561
2067.7,1809
2063.3,440.4
2061.3,1414.9
2062.3,1552.8
2070.9,1752.8
2069.6,669.6
2076.8,1464.2
2071,563.8
2071.2,730.4
2073.6,776.2
2074.5,613.7
2074.1,931.8
2075.1,1312.7
2073,1394.1
2071.7,1653.6
2071.3,432.8
2075.2,1231.9
2075,1443.9
2075.9,992.9
2075.5,1425.8
2083,1333.6
2080,1369.8
2079.4,1547.9
2079,1834.4
2082.2,907.3
2082,1587.2
2082.2,982
2083.3,1783.6
2084.5,473.8
2087.2,533.5
2083.4,1064
2088.4,1303.7
2085.8,1512.8
2089.2,682.6
2089.3,735.5
2087.3,1040.4
2088.9,1181
2089.1,1642.1
2094.3,827.3
2091.6,622.2
2093.3,764.2
2098.4,1446.5
2092.3,708.6
2103.9,799.1
2090,1435.2
2103.6,555.3
2101.7,928.6
2095.6,205.2
2098.5,1560.1
2094.2,875.3
2100,217.8
2099.2,1369.1
2102.1,1124.2
2099.4,1506.6
2097.5,1684.2
2104.4,1738.5
2098.3,1786.2
2103.5,389.4
2100.9,1386.2
2101.6,460.2
2102.6,1086.4
2104.1,1278.5
2107.8,668.2
2103.1,745.2
2106,1010.2
2106.9,691.6
2103.6,1590.8
2111.6,1043.3
2109.6,627
2112.3,731.7
2107.5,1749.2
2112.4,151.6
2111.3,1715.6
2113.9,710.6
2114.9,502.5
2114.2,1301.8
2114.8,766.2
2115,535.4
2111.7,1830.7
2115.5,1286.3
2115.5,1407.2
2117.6,219
2118,1602.6
2115,459.5
2120,1202
2115.4,1245.2
2121.2,1377.8
2116.3,1572.7
2116.9,781.4
2117.3,1763.7
2119.2,836
2120.8,1344.6
2124.3,1362.8
2124.6,685.4
2131.4,636.4
2127.2,958
2121.2,1447.2
2122.8,746.5
2126.9,1593.7
2123.3,1162.1
2123.2,1231.9
2125.8,1474.5
2124.2,1796.6
2128.3,1636
2130.9,1657.3
2133.4,478.4
2130.8,1178.6
2126,1542.1
2129.3,183
2146.2,862.9
2129.1,1098.6
2132.8,977.3
2129.2,1276
2129.5,512
2134.1,302.9
2142.6,128.4
2133.7,359.1
2134.6,1021.4
2136.2,1339.8
2135,1399.3
2138.8,733.1
2135.4,1442.8
2137.7,420.1
2137.8,543.3
2135.7,1717.1
2139.1,706.2
2139.2,927.7
2140.9,1054
2139,788.4
2146.4,1288.9
2141.9,1536.8
2142.7,1597.1
2144.8,750.1
2145.5,980.3
2145.8,1235.9
2149,1312.2
2143.2,1740.8
2146.9,615.3
2148.4,994.7
2146.2,1491.1
2152.7,229.9
2155.1,909.7
2155.7,85.7
2151.9,390.5
2159.3,809.6
2150.2,1633.5
2159.6,1394.2
2149,1483
2153.1,1802.1
2152.2,1080.7
2153.7,1197.2
2157.7,1650.5
2153.2,890.9
2154.6,1718.6
2152.9,1835.7
2157.6,1279
2157.8,459.5
2158.5,592.9
2165.2,1419.5
2160,119.3
2163.6,534.1
2158,610.1
2167.6,504.5
2164.6,685.9
2165.1,1299.3
2163.4,1609.1
2170.4,1134.2
2167.5,1723.3
2162.8,2.5
2167.8,885.6
2164.9,1164.7
2166.6,1552.5
2166.8,1626.9
2167.3,65.9
2168.5,1234.7
2167.1,1051.7
2168.8,1469.4
2167.7,1836.7
2167.9,291.2
2173.5,600.4
2173.2,1076.7
2170.8,1277.6
2169.4,1380.4
2172,1815.4
2172.4,752.9
2170.9,952.9
2175.3,1585.4
2176.7,95.4
2176.1,257.4
2179.6,733.2
2180,1797
2182,405.8
2179.8,1647
2179.7,194.6
2182.6,301.5
2179.6,344.6
2181.8,701.1
2181.6,1299.3
2178.1,1428.5
2184.6,419.4
2190.8,484.5
2183.5,64.3
2182.7,775.2
2192.4,1247.5
2194.6,1503.9
2185.8,324.4
2185.8,516.1
2185.2,1538
2191.4,389.2
2186.4,1400.1
2192.7,1018.9
2188.2,1413.7
2188.3,1616.3
2185.2,247.7
2189.2,1671.6
2189.3,1084.6
2188.3,857.5
2193.4,1763.3
2193.2,1356.9
2191.8,1426.7
2195.3,16
2196.3,714.4
2194,502.1
2197.7,647.1
2195.8,1587.2
2197.2,410.6
2203.8,791.1
2204.1,826.7
2196.9,1303.1
2197.7,1393.1
2198.6,1530.2
2200.3,1815.1
2198.6,71.1
2200.7,1217.6
2200.7,143.1
2201.6,969.9
2203.8,1119.8
2202,128.5
2202.3,208.1
2204.4,910.5
2200.9,1084.3
2202.8,378.2
2207,855.8
2203.8,956
2204.4,309.3
2208.8,1258.6
2202.5,1767
2209.2,693.2
2206.5,863.6
2206,1575.5
2213.4,1829.7
2209.2,479.8
2207.1,358
2210.7,1593.9
2210.7,504.5
2213.3,1664.3
2210.6,1786.4
2214.5,632.2
2211.9,1851.1
2213.4,117.7
2217.2,297.8
2214.9,1680.5
2218.1,986.8
2213.5,54.6
2222.5,560.5
2215.5,197.4
2218.4,1572.1
2218,256.2
2219.8,385.4
2219.8,756.6
2218.9,1466.6
2215.8,1770.6
2220.2,318.8
2220.1,1436.3
2219.2,218.2
2221.1,875.4
2225.8,1148.2
2220.1,365.3
2221,917.6
2220.9,38.2
2223.5,1761.6
2222.4,51.1
2229.6,280.7
2227.8,600.7
2225.2,1294.8
2222.2,642.4
2225.2,1359.5
2225,1799.3
2230.6,192.9
2227.9,108.9
2224.8,333.7
2225.3,674.2
2230.3,1004.4
2230.7,1844.8
2229.5,3.1
2227.7,377.8
2227.9,420.4
2232.7,909
2235.8,807.5
2231,1433.8
2233.7,1448.9
2231,48
2232.1,144.9
2231.4,236.3
2232.1,1227.4
2230.4,1463.4
2232.3,1255.6
2233.5,1626.2
2235.8,1364.6
2235.9,1691.3
2239.1,1822.9
2237.6,263.6
2239.6,506
2240.4,699.5
2237.1,950
2236.7,1534.2
2237.5,1645.5
2239.5,1676.3
2241.7,461.6
2240.1,1503.3
2239,1557.7
2252.9,1725.7
2244.1,726
2243,1331.2
2242.8,108
2243.9,875.1
2247.5,1304.2
2246.9,399.3
2244.7,521.8
2248.8,1481.2
2246.5,794.6
2252.2,820.9
2247.8,1056.3
2248.2,1541.3
2253.1,1224.3
2248.1,1553.8
2251.4,269.9
2252.8,1152.8
2250.9,288.3
2254.5,92.8
2251.4,223.3
2251.2,653.1
2252.7,1176.6
2254.9,47.2
2254.6,757.2
2255.5,1404
2256.2,1515
2260.1,17
2257.4,353.5
2259.2,678.9
2258.8,1392.5
2258.6,1451.6
2258.7,145.1
2266.7,132.5
2264.5,195.3
2261.8,565.3
2260.4,502.5
2268.2,596.8
2264.9,1110.2
2267.5,1641.1
2265,920.2
2264.5,371.9
2263.2,442.9
2266.4,312.8
2265.4,1059.2
2267.6,1426.5
2266.5,1337.1
2269.9,725
2270.9,1585.5
2267.9,557
2269.8,1533
2274,154.6
2271.7,1452.2
2275.2,437.4
2273.4,1761.2
2272.5,1151.2
2276.5,208.5
2274.9,613.4
2278,682.5
2279,807.5
2279.6,1173.5
2279.2,22.1
2276.8,1286.7
2275.5,392.4
2276.4,1572.1
2278.3,50.8
2281.1,294
2280.3,1352.5
2280,372.4
2282.3,325.7
2282.7,734.9
2280.9,1638.5
2283.9,1846.3
2284.8,118.8
2287.1,469.5
2285,880.4
2284.7,1084.7
2286.1,267.4
2294.4,1242.4
2284.3,313.4
2288.7,777.5
2294.6,1213.7
2288.4,696
2290.5,1052
2295.8,559.8
2289.6,1024.8
2290.8,349.8
2292.2,706.9
2297.5,861.2
2292.3,193.4
2296.3,44.6
2298.8,23.7
2294.9,537
2297.7,1626.6
2299.5,1764.5
2298,1489.3
2300.2,340.7
2301.4,972.6
2300.1,1728.2
2302.5,59.4
2300.6,1552.4
2304.6,271.7
2310.1,904.2
2305.2,1669.5
2302.4,207.1
2304.1,522.6
2305.7,925.8
2303.8,34.6
2305.6,415.3
2306.1,1266.5
2307.2,1743.6
2306.1,1403.8
2308.3,225.5
2310.7,782.3
2311.4,334.9
2309,448.8
2307.6,1220.7
2309.6,1302.3
2309.4,75.6
2310.4,580.4
2310.7,703
2313.1,402.8
2310.6,1066.8
2312.9,1330.9
2314.5,1844
2312.1,1050.1
2310.8,1770.7
2316.6,1135.8
2316.5,1229
2318.8,433.9
2318,1758.6
2319.8,107.1
2317.2,883.6
2320.9,90.5
2321.3,1709.6
2320.5,176
2320.3,469.9
2323,1391.3
2323.6,1466.3
2323.6,877.9
2325.1,1437.5
